{
  "best_single_scale": {
    "timestep": 1,
    "scale": 0,
    "cases": 95,
    "epe_px": 7.360887316653603,
    "zero_offset_epe_px": 8.662741699796952,
    "epe_gain_vs_zero": 1.3018543831433493,
    "argmax_epe_px": 6.168099277897885,
    "pck_4px": 0.1244930475901224,
    "pck_8px": 0.5580384660708276,
    "confidence": 0.05170023915799041,
    "entropy": 0.9256812792075307,
    "true_margin": -0.015975736507282005,
    "alpha_bar": 0.9969944357872009,
    "noise_std": 0.054823026300990285,
    "snr": 331.716232027764
  },
  "interpretation": {
    "epe_px": "Expected-offset endpoint error in original image pixels; lower is better.",
    "epe_gain_vs_zero": "Positive means LDM matching beats predicting no displacement.",
    "pck_4px": "Fraction of foreground queries within 4 pixels; higher is better.",
    "true_margin": "True-offset correlation minus strongest alternative; positive is desirable.",
    "entropy": "Normalized local match ambiguity; lower is more decisive."
  }
}