source,reference,samples,reference_delta_px_mean,reference_delta_px_std,reference_delta_px_median,reference_delta_max_px_mean,reference_delta_max_px_std,reference_delta_max_px_median
baseline,adjacent,19,0.9415640830993652,0.06867232238724835,0.9641249179840088,19.62194111472682,5.537047228789945,18.812511444091797
baseline,phase_shuffle,19,4.944535230335436,0.3923826665180126,5.1254706382751465,34.54095288326866,4.036613684045058,33.022769927978516
baseline,spatial_smooth,19,0.12245598513829081,0.006904417526138284,0.12299501895904541,2.7255595734244897,0.37298240486900425,2.7015883922576904
pairwise,adjacent,19,0.9982278660724038,0.06418751226736086,0.988201379776001,26.469682191547594,9.125690345426102,22.793081283569336
pairwise,phase_shuffle,19,4.813946573357833,0.37167437428607636,5.000527858734131,33.960739738062806,3.016128498488616,33.30540466308594
pairwise,spatial_smooth,19,0.11908198226439326,0.007213912414321879,0.1191314086318016,2.5954669902199194,0.22041891472507555,2.565476179122925
