source,risk_threshold,samples,risk_weight_mean_mean,risk_weight_mean_std,risk_weight_mean_median,risk_weight_fg_mean_mean,risk_weight_fg_mean_std,risk_weight_fg_mean_median,risk_weight_max_mean,risk_weight_max_std,risk_weight_max_median,risk_fraction_gt_0p5_mean,risk_fraction_gt_0p5_std,risk_fraction_gt_0p5_median,risk_fg_fraction_gt_0p5_mean,risk_fg_fraction_gt_0p5_std,risk_fg_fraction_gt_0p5_median
baseline,0.0,171,0.0067406076270335805,0.006279202705941937,0.004583141300827265,0.011814315243662733,0.011035132979276538,0.00785538274794817,0.7537921461775731,0.36410290579142274,0.9505009651184082,0.0044499670552928545,0.004788341349571708,0.00225830078125,0.007792060096661032,0.008345126258906502,0.003956817090511322
baseline,0.1,171,0.0113330278457062,0.009733118198704406,0.00805425364524126,0.01990675992069741,0.017346965109717637,0.014973248355090618,0.8282181685844883,0.30626024466939683,0.9907711744308472,0.008187634205957603,0.008079473283757787,0.00522613525390625,0.014341427684134064,0.014325493741966542,0.008813861757516861
baseline,0.2,171,0.018153494335570165,0.014247763746359143,0.015798844397068024,0.0319523482179839,0.02564617707820987,0.027926303446292877,0.8941535591583546,0.23401451346052604,0.9986822009086609,0.014628360145970395,0.01292604700033242,0.01157379150390625,0.025741058748541535,0.023302990819645115,0.018278375267982483
pairwise,0.0,171,0.005796828370321722,0.0060841901993502,0.003400276880711317,0.00997341058842633,0.009968603177606087,0.006885034032166004,0.7136267650772818,0.39037797659520956,0.9692408442497253,0.003888648852967379,0.004815165531623834,0.001682281494140625,0.006616539240144847,0.007752706500870608,0.0032198873814195395
pairwise,0.1,171,0.00948540242696025,0.008951119267564051,0.0067776963114738464,0.016406126251179327,0.015003609403270547,0.011361146345734596,0.7742163650524715,0.36497400880211406,0.9909749627113342,0.006779854757743969,0.007462400682206213,0.00335693359375,0.011653993926855207,0.012350460025536641,0.006862008478492498
pairwise,0.2,171,0.015449842597481406,0.01303277260766536,0.012456358410418034,0.02685875789314605,0.022410438434738267,0.020723672583699226,0.8339631745540019,0.3110443983132872,0.998655378818512,0.011895653797171966,0.011516987232991667,0.007968902587890625,0.020623517568714708,0.01972235220173176,0.013109260238707066
