model,samples,ncc_before_mean,ncc_before_std,ncc_before_median,ncc_after_mean,ncc_after_std,ncc_after_median,ncc_delta_mean,ncc_delta_std,ncc_delta_median,mse_before_mean,mse_before_std,mse_before_median,mse_after_mean,mse_after_std,mse_after_median,neg_ratio_mean,neg_ratio_std,neg_ratio_median,fold_count_mean,fold_count_std,fold_count_median,min_jac_mean,min_jac_std,min_jac_median,mean_dvf_px_mean,mean_dvf_px_std,mean_dvf_px_median,max_dvf_px_mean,max_dvf_px_std,max_dvf_px_median
baseline,171,0.5911640155385112,0.16850055049633658,0.5560555458068848,0.8755511617102818,0.0448926580020727,0.8693734407424927,0.2843871461717706,0.15553733834335484,0.2926482558250427,0.006414453654750169,0.004717722275472078,0.005836053751409054,0.0006337550857049217,0.000597570510142179,0.0004182005359325558,0.00443401671292489,0.004587223289673213,0.002689361572265625,1162.3508771929824,1202.5130620480948,705.0,-0.8813288860871948,0.7874592525186961,-0.8873312101675737,8.991906685438769,4.593793367123597,8.764034271240234,39.46783013929401,14.725396660948554,40.284751892089844
motionfilm,171,0.5911640155385112,0.16850055049633658,0.5560555458068848,0.8664936067765219,0.045828551806035824,0.8594327569007874,0.2753295912380107,0.15111117597062687,0.28093284368515015,0.006414453654750169,0.004717722275472078,0.005836053751409054,0.0007461725379269208,0.0006753278549380551,0.0005408754223026335,0.0034925449661344114,0.0038327773319788996,0.001514434814453125,915.5497076023391,1004.7395809142766,397.0,-0.8068195675719039,0.8594367956146051,-0.7324854074554423,8.067374337486356,4.014576197258585,7.805765151977539,36.970376293561614,14.057230887212418,38.19542694091797
