{
  "split": "val",
  "baseline_checkpoint": "./logs/Fair_Ablation_baseline/baseline/best_val.pth",
  "refiner_checkpoints": {
    "residual_only": "./logs/UtilityGatedCrossPhase_Heart/residual_only/best_ncc.pth",
    "cross_phase": "./logs/UtilityGatedCrossPhase_Heart/cross_phase/best_ncc.pth",
    "utility_gate": "./logs/UtilityGatedCrossPhase_Heart/utility_gate/best_ncc.pth"
  },
  "summary": [
    {
      "config": "baseline",
      "samples": 171,
      "ncc_before_mean": 0.6749725896015502,
      "ncc_before_std": 0.1328001456531612,
      "ncc_after_mean": 0.8858255865978218,
      "ncc_after_std": 0.043445145329562326,
      "ssim_after_mean": 0.9934446441454027,
      "ssim_after_std": 0.003919731532131679,
      "mse_after_mean": 0.00017053629443585894,
      "mse_after_std": 0.00018300386805775794,
      "neg_ratio_mean": 0.0015625535396107456,
      "neg_ratio_std": 0.001805623490220677,
      "fg_neg_ratio_mean": 0.0027335822880035043,
      "fg_neg_ratio_std": 0.00314372617480209,
      "fold_count_mean": 409.6140350877193,
      "fold_count_std": 473.3333642204091,
      "fg_fold_count_mean": 409.6140350877193,
      "fg_fold_count_std": 473.3333642204091,
      "min_jac_mean": -0.555418909496558,
      "min_jac_std": 0.5821084883077601,
      "mean_dvf_px_mean": 6.379088468021816,
      "mean_dvf_px_std": 3.050083166618781,
      "max_dvf_px_mean": 31.670632406982065,
      "max_dvf_px_std": 10.446993584096855
    },
    {
      "config": "cross_phase",
      "samples": 171,
      "ncc_before_mean": 0.6749725896015502,
      "ncc_before_std": 0.1328001456531612,
      "ncc_after_mean": 0.8864507751855236,
      "ncc_after_std": 0.04349972080157029,
      "ssim_after_mean": 0.9939743652194752,
      "ssim_after_std": 0.0037338447691378914,
      "mse_after_mean": 0.00014848754766164177,
      "mse_after_std": 0.00016314436453525292,
      "neg_ratio_mean": 0.001625016418813962,
      "neg_ratio_std": 0.001907669129688525,
      "fg_neg_ratio_mean": 0.0028408852338399414,
      "fg_neg_ratio_std": 0.0033061048065711083,
      "fold_count_mean": 425.98830409356725,
      "fold_count_std": 500.0840163330687,
      "fg_fold_count_mean": 425.98830409356725,
      "fg_fold_count_std": 500.0840163330687,
      "min_jac_mean": -0.5537648545028044,
      "min_jac_std": 0.5829741702525604,
      "mean_dvf_px_mean": 6.151943473090903,
      "mean_dvf_px_std": 2.977952744028822,
      "max_dvf_px_mean": 31.139978788052385,
      "max_dvf_px_std": 10.26420670331207
    },
    {
      "config": "residual_only",
      "samples": 171,
      "ncc_before_mean": 0.6749725896015502,
      "ncc_before_std": 0.1328001456531612,
      "ncc_after_mean": 0.8864592191768669,
      "ncc_after_std": 0.04342288865458679,
      "ssim_after_mean": 0.9938446770633192,
      "ssim_after_std": 0.0037592658476730875,
      "mse_after_mean": 0.00015995506558480314,
      "mse_after_std": 0.00017558645910422218,
      "neg_ratio_mean": 0.001594632689715826,
      "neg_ratio_std": 0.0018452368112739951,
      "fg_neg_ratio_mean": 0.0027907881686991777,
      "fg_neg_ratio_std": 0.0032138658781330656,
      "fold_count_mean": 418.0233918128655,
      "fold_count_std": 483.7177586546102,
      "fg_fold_count_mean": 418.0233918128655,
      "fg_fold_count_std": 483.7177586546102,
      "min_jac_mean": -0.5536126037637397,
      "min_jac_std": 0.5813747067896737,
      "mean_dvf_px_mean": 6.267961925930447,
      "mean_dvf_px_std": 2.9971630511494025,
      "max_dvf_px_mean": 31.28613925956146,
      "max_dvf_px_std": 10.339420435870588
    },
    {
      "config": "utility_gate",
      "samples": 171,
      "ncc_before_mean": 0.6749725896015502,
      "ncc_before_std": 0.1328001456531612,
      "ncc_after_mean": 0.8860829061234904,
      "ncc_after_std": 0.04343089033830575,
      "ssim_after_mean": 0.9936548793436945,
      "ssim_after_std": 0.003855197583693272,
      "mse_after_mean": 0.00016706254023093387,
      "mse_after_std": 0.00017940951886454378,
      "neg_ratio_mean": 0.0015744661030016448,
      "neg_ratio_std": 0.001817186117511335,
      "fg_neg_ratio_mean": 0.002753382338316359,
      "fg_neg_ratio_std": 0.003160612658200235,
      "fold_count_mean": 412.7368421052632,
      "fold_count_std": 476.3644375888914,
      "fg_fold_count_mean": 412.7368421052632,
      "fg_fold_count_std": 476.3644375888914,
      "min_jac_mean": -0.5557146357880727,
      "min_jac_std": 0.5820178412703572,
      "mean_dvf_px_mean": 6.366402142229136,
      "mean_dvf_px_std": 3.046686193684006,
      "max_dvf_px_mean": 31.629693438435158,
      "max_dvf_px_std": 10.416935648849616
    },
    {
      "config": "utility_gate_wrong_labels",
      "samples": 171,
      "ncc_before_mean": 0.6749725896015502,
      "ncc_before_std": 0.1328001456531612,
      "ncc_after_mean": 0.8860788833328158,
      "ncc_after_std": 0.04343036769422933,
      "ssim_after_mean": 0.9936516353128568,
      "ssim_after_std": 0.0038610764012062307,
      "mse_after_mean": 0.0001671321308935127,
      "mse_after_std": 0.00017955463476938488,
      "neg_ratio_mean": 0.0015738414742096126,
      "neg_ratio_std": 0.0018165823288045562,
      "fg_neg_ratio_mean": 0.002752361794002068,
      "fg_neg_ratio_std": 0.003159781390529565,
      "fold_count_mean": 412.5730994152047,
      "fold_count_std": 476.2061580021416,
      "fg_fold_count_mean": 412.5730994152047,
      "fg_fold_count_std": 476.2061580021416,
      "min_jac_mean": -0.5556972272719858,
      "min_jac_std": 0.5820484736909606,
      "mean_dvf_px_mean": 6.366422660866676,
      "mean_dvf_px_std": 3.0473717897955597,
      "max_dvf_px_mean": 31.63042463893779,
      "max_dvf_px_std": 10.418945908445972
    }
  ],
  "paired_statistics": [
    {
      "comparison": "residual_only_minus_baseline",
      "config": "residual_only",
      "reference": "baseline",
      "n_slices": 19,
      "ncc_after_difference_mean": 0.0006336325790449825,
      "ncc_after_difference_std": 0.0003213043019619566,
      "ncc_after_difference_median": 0.000643153985341427,
      "ncc_after_positive_slices": 19,
      "wilcoxon_ncc_after_p": 3.814697265625e-06,
      "ssim_after_difference_mean": 0.00040003291791662913,
      "ssim_after_difference_std": 8.93863265995507e-05,
      "ssim_after_difference_median": 0.00036558985089563123,
      "ssim_after_positive_slices": 19,
      "wilcoxon_ssim_after_p": 3.814697265625e-06,
      "mse_after_difference_mean": -1.0581228851055798e-05,
      "mse_after_difference_std": 4.930311395628745e-06,
      "mse_after_difference_median": -1.0054977489441327e-05,
      "mse_after_positive_slices": 0,
      "wilcoxon_mse_after_p": 3.814697265625e-06,
      "neg_ratio_difference_mean": 3.2079150105080406e-05,
      "neg_ratio_difference_std": 3.5938674500667376e-05,
      "neg_ratio_difference_median": 3.7299262152777754e-05,
      "neg_ratio_positive_slices": 15,
      "wilcoxon_neg_ratio_p": 0.00141143798828125,
      "fold_count_difference_mean": 8.409356725146198,
      "fold_count_difference_std": 9.421107888302949,
      "fold_count_difference_median": 9.777777777777771,
      "fold_count_positive_slices": 15,
      "wilcoxon_fold_count_p": 0.00141143798828125,
      "fg_neg_ratio_difference_mean": 5.7205880695673234e-05,
      "fg_neg_ratio_difference_std": 6.419150975767884e-05,
      "fg_neg_ratio_difference_median": 6.617900475371476e-05,
      "fg_neg_ratio_positive_slices": 15,
      "wilcoxon_fg_neg_ratio_p": 0.0016937255859375,
      "fg_fold_count_difference_mean": 8.409356725146198,
      "fg_fold_count_difference_std": 9.421107888302949,
      "fg_fold_count_difference_median": 9.777777777777771,
      "fg_fold_count_positive_slices": 15,
      "wilcoxon_fg_fold_count_p": 0.00141143798828125
    },
    {
      "comparison": "cross_phase_minus_baseline",
      "config": "cross_phase",
      "reference": "baseline",
      "n_slices": 19,
      "ncc_after_difference_mean": 0.000625188587701804,