model,samples,ncc_before_mean,ncc_before_std,ncc_before_median,ncc_after_mean,ncc_after_std,ncc_after_median,ncc_delta_mean,ncc_delta_std,ncc_delta_median,mse_before_mean,mse_before_std,mse_before_median,mse_after_mean,mse_after_std,mse_after_median,neg_ratio_mean,neg_ratio_std,neg_ratio_median,fold_count_mean,fold_count_std,fold_count_median,min_jac_mean,min_jac_std,min_jac_median,mean_dvf_px_mean,mean_dvf_px_std,mean_dvf_px_median,max_dvf_px_mean,max_dvf_px_std,max_dvf_px_median
baseline,171,0.5911640155385112,0.16850055049633658,0.5560555458068848,0.873127389721006,0.04388311693591702,0.8636050820350647,0.2819633741824948,0.15284225061449208,0.2921378016471863,0.006414453654750169,0.004717722275472078,0.005836053751409054,0.0006549740056359217,0.0006105417074648877,0.00044419895857572556,0.003790425975420322,0.004105607868278091,0.00212860107421875,993.6374269005848,1076.2604690218918,558.0,-0.7848805053235214,0.6952738690033151,-0.7709640773034323,8.720053953036928,4.442456536800593,8.513482093811035,38.00056692870737,13.540605863511178,38.05852127075195
motionfilm,171,0.5911640155385112,0.16850055049633658,0.5560555458068848,0.8664936067765219,0.045828551806035824,0.8594327569007874,0.2753295912380107,0.15111117597062687,0.28093284368515015,0.006414453654750169,0.004717722275472078,0.005836053751409054,0.0007461725379269208,0.0006753278549380551,0.0005408754223026335,0.0034925449661344114,0.0038327773319788996,0.001514434814453125,915.5497076023391,1004.7395809142766,397.0,-0.8068195675719039,0.8594367956146051,-0.7324854074554423,8.067374337486356,4.014576197258585,7.805765151977539,36.970376293561614,14.057230887212418,38.19542694091797
