model,pair_type,samples,ncc_before_mean,ncc_before_std,ncc_before_median,ncc_after_mean,ncc_after_std,ncc_after_median,ncc_delta_mean,ncc_delta_std,ncc_delta_median,mse_after_mean,mse_after_std,mse_after_median,neg_ratio_mean,neg_ratio_std,neg_ratio_median,fold_count_mean,fold_count_std,fold_count_median,min_jac_mean,min_jac_std,min_jac_median
baseline,adjacent,171,0.8023450078322873,0.054571072873666214,0.7895715236663818,0.8512552997522187,0.055465774593364964,0.8417401909828186,0.048910291919931334,0.038351547397171296,0.029193758964538574,0.0005339685586578627,0.000595837900156426,0.000163331234944053,0.00014156765407986112,0.0003378331849027489,0.0,37.111111111111114,88.5609424231462,0.0,-0.015823385694266136,0.2083843110630934,0.004397423632312325
baseline,cycle_closing,19,0.8595154473656103,0.049119393277256694,0.8492993116378784,0.8797559204854464,0.04496698140114425,0.8710872530937195,0.020240473119836105,0.006844589919971261,0.021787941455841064,0.0001536298774513661,3.835362909546104e-05,0.00014884710253681988,2.6301333778782893e-05,6.62422877265617e-05,0.0,6.894736842105263,17.36501827379179,0.0,0.12040373944891086,0.19872514852710338,0.10745210046626141
pairwise,adjacent,171,0.8023450078322873,0.054571072873666214,0.7895715236663818,0.8494962805892989,0.05743943191041011,0.8416154980659485,0.047151272757011545,0.039612555084807065,0.0273439884185791,0.0005109575871948005,0.0005730800791525788,0.0001599451497895643,0.0001125447234215095,0.00027578855994057775,0.0,29.502923976608187,72.29631625706281,0.0,0.016106643389316454,0.2376581975152411,0.06846730273602475
pairwise,cycle_closing,19,0.8595154473656103,0.049119393277256694,0.8492993116378784,0.8767826117967304,0.04641854478372087,0.8679922819137573,0.01726716443112022,0.0059895321148251,0.01850050687789917,0.0001788068613294806,4.9931669331004576e-05,0.00017930545436684042,1.8671939247532893e-05,5.973510518991817e-05,0.0,4.894736842105263,15.659199414905908,0.0,0.2497823927353552,0.23312702555948994,0.2909957677411512
