model,samples,ncc_direct_mean,ncc_direct_std,ncc_direct_median,ncc_composed_mean,ncc_composed_std,ncc_composed_median,ncc_composed_minus_direct_mean,ncc_composed_minus_direct_std,ncc_composed_minus_direct_median,mse_direct_mean,mse_direct_std,mse_direct_median,mse_composed_mean,mse_composed_std,mse_composed_median,dvf_difference_px_mean,dvf_difference_px_std,dvf_difference_px_median,dvf_difference_max_px_mean,dvf_difference_max_px_std,dvf_difference_max_px_median,composed_neg_ratio_mean,composed_neg_ratio_std,composed_neg_ratio_median,composed_fold_count_mean,composed_fold_count_std,composed_fold_count_median,composed_min_jac_mean,composed_min_jac_std,composed_min_jac_median
baseline,171,0.8858359048241063,0.04344199413359328,0.8799290060997009,0.7456295092900594,0.13863077282418887,0.7743951678276062,-0.1402063955340469,0.13866251287115,-0.09222447872161865,0.00028429411779345374,0.00027081442923685496,0.0001849223190220073,0.003163970248277227,0.003369212670976239,0.0015312460018321872,9.619847758079482,7.163786622936907,8.000296592712402,44.595945189222256,23.943786115479956,48.35130310058594,0.0009276183725100512,0.0010508079178178048,0.000514984130859375,243.16959064327486,275.4629908084306,135.0,-6.482562784679827,15.975535174807016,-0.35946560097954716
pairwise,171,0.8846990943652148,0.04337829025549287,0.8781739473342896,0.759675976128606,0.13041685418917964,0.7886024117469788,-0.12502311823660867,0.1297509741807835,-0.07435053586959839,0.0003011211983850008,0.00027870301207767495,0.00020994299848098308,0.0030637890832882976,0.0035472166880997757,0.00127437524497509,9.572072574313273,7.159815270767497,7.9119672775268555,43.988182225073984,24.23494078278348,47.689720153808594,0.0006632442362824379,0.0008336439966280017,0.000263214111328125,173.8654970760234,218.53477185205088,69.0,-7.7925319644724365,22.267145680624807,-0.3518877734350099
