model,samples,cycle_closure_px_mean,cycle_closure_px_std,cycle_closure_px_median,cycle_closure_max_px_mean,cycle_closure_max_px_std,cycle_closure_max_px_median,cycle_identity_ncc_mean,cycle_identity_ncc_std,cycle_identity_ncc_median,cycle_identity_mse_mean,cycle_identity_mse_std,cycle_identity_mse_median,cycle_neg_ratio_mean,cycle_neg_ratio_std,cycle_neg_ratio_median,cycle_fold_count_mean,cycle_fold_count_std,cycle_fold_count_median,cycle_min_jac_mean,cycle_min_jac_std,cycle_min_jac_median
baseline,19,24.551083916111995,2.2240872405251197,25.490549087524414,82.51207170988384,5.244177369259469,83.28251647949219,0.4885822785528083,0.054346136256272645,0.4587978720664978,0.010383068730956629,0.0016512633413121975,0.010775668546557426,0.001701555754009046,0.0011236458094103128,0.001377105712890625,446.05263157894734,294.55700706205704,361.0,-33.55963351446636,40.80970807886959,-19.761589507925237
pairwise,19,24.683190697117855,1.8972328545713038,25.236793518066406,83.41572691264905,8.957264629304456,82.8541259765625,0.5156262736571463,0.04772254354490962,0.4951818585395813,0.01086537927193077,0.0023378129464487114,0.011527881026268005,0.0013106496710526315,0.0010132450922189483,0.000720977783203125,343.57894736842104,265.616121454644,189.0,-43.53556409012251,60.69434244961257,-14.591191871853255
