{
  "warning": "Adjacent-pair evaluation is an OOD stress test because the current models were trained with phase0 as fixed.",
  "direct_summary": [
    {
      "model": "baseline",
      "samples": 171,
      "ncc_before_mean": 0.6749725896015502,
      "ncc_before_std": 0.1328001456531612,
      "ncc_before_median": 0.6556001901626587,
      "ncc_after_mean": 0.8858359048241063,
      "ncc_after_std": 0.04344199413359328,
      "ncc_after_median": 0.8799290060997009,
      "ncc_delta_mean": 0.21086331522255614,
      "ncc_delta_std": 0.12087422730099928,
      "ncc_delta_median": 0.2168818712234497,
      "mse_after_mean": 0.00028429411779345374,
      "mse_after_std": 0.00027081442923685496,
      "mse_after_median": 0.0001849223190220073,
      "neg_ratio_mean": 0.0015698706197459795,
      "neg_ratio_std": 0.0018146113288778905,
      "neg_ratio_median": 0.000675201416015625,
      "fold_count_mean": 411.53216374269005,
      "fold_count_std": 475.6894721973657,
      "fold_count_median": 177.0,
      "min_jac_mean": -0.5555803857235884,
      "min_jac_std": 0.5792751768673143,
      "min_jac_median": -0.4192489058982076,
      "mean_dvf_px_mean": 6.379797305977135,
      "mean_dvf_px_std": 3.0490962553390877,
      "mean_dvf_px_median": 6.205086708068848
    },
    {
      "model": "pairwise",
      "samples": 171,
      "ncc_before_mean": 0.6749725896015502,
      "ncc_before_std": 0.1328001456531612,
      "ncc_before_median": 0.6556001901626587,
      "ncc_after_mean": 0.8846990943652148,
      "ncc_after_std": 0.04337829025549287,
      "ncc_after_median": 0.8781739473342896,
      "ncc_delta_mean": 0.20972650476366456,
      "ncc_delta_std": 0.12006246575522463,
      "ncc_delta_median": 0.21717369556427002,
      "mse_after_mean": 0.0003011211983850008,
      "mse_after_std": 0.00027870301207767495,
      "mse_after_median": 0.00020994299848098308,
      "neg_ratio_mean": 0.001446461816977339,
      "neg_ratio_std": 0.0019096745251249907,
      "neg_ratio_median": 0.000614166259765625,
      "fold_count_mean": 379.1812865497076,
      "fold_count_std": 500.60971871436556,
      "fold_count_median": 161.0,
      "min_jac_mean": -0.47276386517783114,
      "min_jac_std": 0.567018931130808,
      "min_jac_median": -0.3928717885904014,
      "mean_dvf_px_mean": 6.0853684694446315,
      "mean_dvf_px_std": 2.9306621389761927,
      "mean_dvf_px_median": 5.824558258056641
    }
  ],
  "adjacent_summary": [
    {
      "model": "baseline",
      "pair_type": "adjacent",
      "samples": 171,
      "ncc_before_mean": 0.8023450078322873,
      "ncc_before_std": 0.054571072873666214,
      "ncc_before_median": 0.7895715236663818,
      "ncc_after_mean": 0.8512552997522187,
      "ncc_after_std": 0.055465774593364964,
      "ncc_after_median": 0.8417401909828186,
      "ncc_delta_mean": 0.048910291919931334,
      "ncc_delta_std": 0.038351547397171296,
      "ncc_delta_median": 0.029193758964538574,
      "mse_after_mean": 0.0005339685586578627,
      "mse_after_std": 0.000595837900156426,
      "mse_after_median": 0.000163331234944053,
      "neg_ratio_mean": 0.00014156765407986112,
      "neg_ratio_std": 0.0003378331849027489,
      "neg_ratio_median": 0.0,
      "fold_count_mean": 37.111111111111114,
      "fold_count_std": 88.5609424231462,
      "fold_count_median": 0.0,
      "min_jac_mean": -0.015823385694266136,
      "min_jac_std": 0.2083843110630934,
      "min_jac_median": 0.004397423632312325
    },
    {
      "model": "baseline",
      "pair_type": "cycle_closing",
      "samples": 19,
      "ncc_before_mean": 0.8595154473656103,
      "ncc_before_std": 0.049119393277256694,
      "ncc_before_median": 0.8492993116378784,
      "ncc_after_mean": 0.8797559204854464,
      "ncc_after_std": 0.04496698140114425,
      "ncc_after_median": 0.8710872530937195,
      "ncc_delta_mean": 0.020240473119836105,
      "ncc_delta_std": 0.006844589919971261,
      "ncc_delta_median": 0.021787941455841064,
      "mse_after_mean": 0.0001536298774513661,
      "mse_after_std": 3.835362909546104e-05,
      "mse_after_median": 0.00014884710253681988,
      "neg_ratio_mean": 2.6301333778782893e-05,
      "neg_ratio_std": 6.62422877265617e-05,
      "neg_ratio_median": 0.0,
      "fold_count_mean": 6.894736842105263,
      "fold_count_std": 17.36501827379179,
      "fold_count_median": 0.0,
      "min_jac_mean": 0.12040373944891086,
      "min_jac_std": 0.19872514852710338,
      "min_jac_median": 0.10745210046626141
    },
    {
      "model": "pairwise",
      "pair_type": "adjacent",
      "samples": 171,
      "ncc_before_mean": 0.8023450078322873,
      "ncc_before_std": 0.054571072873666214,
      "ncc_before_median": 0.7895715236663818,
      "ncc_after_mean": 0.8494962805892989,
      "ncc_after_std": 0.05743943191041011,
      "ncc_after_median": 0.8416154980659485,
      "ncc_delta_mean": 0.047151272757011545,
      "ncc_delta_std": 0.039612555084807065,
      "ncc_delta_median": 0.0273439884185791,
      "mse_after_mean": 0.0005109575871948005,
      "mse_after_std": 0.0005730800791525788,
      "mse_after_median": 0.0001599451497895643,
      "neg_ratio_mean": 0.0001125447234215095,
      "neg_ratio_std": 0.00027578855994057775,
      "neg_ratio_median": 0.0,
      "fold_count_mean": 29.502923976608187,
      "fold_count_std": 72.29631625706281,
      "fold_count_median": 0.0,
      "min_jac_mean": 0.016106643389316454,
      "min_jac_std": 0.2376581975152411,
      "min_jac_median": 0.06846730273602475
    },
    {
      "model": "pairwise",
      "pair_type": "cycle_closing",
      "samples": 19,
      "ncc_before_mean": 0.8595154473656103,
      "ncc_before_std": 0.049119393277256694,
      "ncc_before_median": 0.8492993116378784,
      "ncc_after_mean": 0.8767826117967304,
      "ncc_after_std": 0.04641854478372087,
      "ncc_after_median": 0.8679922819137573,
      "ncc_delta_mean": 0.01726716443112022,
      "ncc_delta_std": 0.0059895321148251,
      "ncc_delta_median": 0.01850050687789917,
      "mse_after_mean": 0.0001788068613294806,
      "mse_after_std": 4.9931669331004576e-05,
      "mse_after_median": 0.00017930545436684042,
      "neg_ratio_mean": 1.8671939247532893e-05,
      "neg_ratio_std": 5.973510518991817e-05,
      "neg_ratio_median": 0.0,
      "fold_count_mean": 4.894736842105263,
      "fold_count_std": 15.659199414905908,
      "fold_count_median": 0.0,
      "min_jac_mean": 0.2497823927353552,
      "min_jac_std": 0.23312702555948994,
      "min_jac_median": 0.2909957677411512
    }
  ],
  "composition_summary": [
    {
      "model": "baseline",
      "samples": 171,
      "ncc_direct_mean": 0.8858359048241063,
      "ncc_direct_std": 0.04344199413359328,
      "ncc_direct_median": 0.8799290060997009,
      "ncc_composed_mean": 0.7456295092900594,
      "ncc_composed_std": 0.13863077282418887,
      "ncc_composed_median": 0.7743951678276062,
      "ncc_composed_minus_direct_mean": -0.1402063955340469,
      "ncc_composed_minus_direct_std": 0.13866251287115,
      "ncc_composed_minus_direct_median": -0.09222447872161865,
      "mse_direct_mean": 0.00028429411779345374,
      "mse_direct_std": 0.00027081442923685496,
      "mse_direct_median": 0.0001849223190220073,
      "mse_composed_mean": 0.003163970248277227,
      "mse_composed_std": 0.003369212670976239,
      "mse_composed_median": 0.0015312460018321872,
      "dvf_difference_px_mean": 9.619847758079482,
      "dvf_difference_px_std": 7.163786622936907,
      "dvf_difference_px_median": 8.000296592712402,
      "dvf_difference_max_px_mean": 44.595945189222256,
      "dvf_difference_max_px_std": 23.943786115479956,
      "dvf_difference_max_px_median": 48.35130310058594,
      "composed_neg_ratio_mean": 0.0009276183725100512,
      "composed_neg_ratio_std": 0.0010508079178178048,
      "composed_neg_ratio_median": 0.000514984130859375,
      "composed_fold_count_mean": 243.16959064327486,
      "composed_fold_count_std": 275.4629908084306,