model,samples,ncc_before_mean,ncc_before_std,ncc_before_median,ncc_after_mean,ncc_after_std,ncc_after_median,ncc_delta_mean,ncc_delta_std,ncc_delta_median,mse_after_mean,mse_after_std,mse_after_median,neg_ratio_mean,neg_ratio_std,neg_ratio_median,fold_count_mean,fold_count_std,fold_count_median,min_jac_mean,min_jac_std,min_jac_median,mean_dvf_px_mean,mean_dvf_px_std,mean_dvf_px_median
baseline,171,0.6749725896015502,0.1328001456531612,0.6556001901626587,0.8858359048241063,0.04344199413359328,0.8799290060997009,0.21086331522255614,0.12087422730099928,0.2168818712234497,0.00028429411779345374,0.00027081442923685496,0.0001849223190220073,0.0015698706197459795,0.0018146113288778905,0.000675201416015625,411.53216374269005,475.6894721973657,177.0,-0.5555803857235884,0.5792751768673143,-0.4192489058982076,6.379797305977135,3.0490962553390877,6.205086708068848
pairwise,171,0.6749725896015502,0.1328001456531612,0.6556001901626587,0.8846990943652148,0.04337829025549287,0.8781739473342896,0.20972650476366456,0.12006246575522463,0.21717369556427002,0.0003011211983850008,0.00027870301207767495,0.00020994299848098308,0.001446461816977339,0.0019096745251249907,0.000614166259765625,379.1812865497076,500.60971871436556,161.0,-0.47276386517783114,0.567018931130808,-0.3928717885904014,6.0853684694446315,2.9306621389761927,5.824558258056641
