model,samples,cycle_velocity_px_mean,cycle_velocity_px_std,cycle_velocity_px_median,internal_velocity_px_mean,internal_velocity_px_std,internal_velocity_px_median,cycle_acceleration_px_mean,cycle_acceleration_px_std,cycle_acceleration_px_median,phase9_to_phase0_spoke_gap_px_mean,phase9_to_phase0_spoke_gap_px_std,phase9_to_phase0_spoke_gap_px_median
baseline,19,3.5083690442537008,0.5653594128593691,3.6540510654449463,3.5255853878824333,0.6132908807764689,3.7072086334228516,2.7860269671992253,0.3662287682457297,2.861081838607788,2.586436259119134,0.31568759097805016,2.6142404079437256
pairwise,19,3.4756612150292647,0.5206169630049041,3.5588059425354004,3.5102924798664294,0.5843889849228787,3.604367256164551,2.8522455943258187,0.2981372200587196,2.914689302444458,2.551171064376831,0.1728492884587467,2.5466861724853516
