model,samples,ncc_before_mean,ncc_before_std,ncc_before_median,ncc_after_mean,ncc_after_std,ncc_after_median,ncc_delta_mean,ncc_delta_std,ncc_delta_median,mse_after_mean,mse_after_std,mse_after_median,neg_ratio_mean,neg_ratio_std,neg_ratio_median,fold_count_mean,fold_count_std,fold_count_median,min_jac_mean,min_jac_std,min_jac_median,mean_dvf_px_mean,mean_dvf_px_std,mean_dvf_px_median,residual_abs_mean,residual_abs_std,residual_abs_median
coarse_pairwise,171,0.5911640155385112,0.16850055049633658,0.5560555458068848,0.8744899940769575,0.045004230576371755,0.8683979511260986,0.28332597853844627,0.15524317857347103,0.29106634855270386,0.0006829248481079166,0.000637274488454509,0.0004677891847677529,0.004115232947277047,0.0045740447723917515,0.002048492431640625,1078.7836257309941,1199.0583928138633,537.0,-0.7696843475746281,0.7016946226056698,-0.7578679093275866,8.678609512005632,4.533871588030866,8.372913360595703,0.0,0.0,0.0
attention_residual,171,0.5911640155385112,0.16850055049633658,0.5560555458068848,0.8752584697907431,0.04507859776434155,0.8691762685775757,0.2840944542522319,0.15584547399354232,0.29189056158065796,0.0006474390528217565,0.000610898383125641,0.0004189040628261864,0.004288032040958516,0.004689168925624555,0.002162933349609375,1124.0818713450292,1229.2374988389233,567.0,-0.7817547311309012,0.7046157076446187,-0.769061082600814,8.688733293299089,4.5315568824625245,8.377891540527344,0.0004678432509195528,0.00012811375151186997,0.0004646994639188051
continued_control,171,0.5911640155385112,0.16850055049633658,0.5560555458068848,0.8718468306357401,0.04563789899974795,0.8641355037689209,0.2806828150972288,0.15313791272547833,0.28946733474731445,0.0006988978025565408,0.0006687451063216429,0.00043744637514464557,0.004058927123309576,0.0041498147908456805,0.002346038818359375,1064.0233918128654,1087.84904853145,615.0,-0.8799504552791294,0.7777195119965404,-0.8600793072703254,9.084563128432336,4.517184195056795,9.017289161682129,0.0,0.0,0.0
